id,imgname
,000N7AIAFT.jpg
,00H858UYSD.jpg
,00KPGHV40E.jpg
,00P2LUXJW3.jpg
,00PYA83V1P.jpg
,00SD82OK2A.jpg
,00TMYXA5DF.jpg
,00V5CZZSSO.jpg
,00W5NPIX4S.jpg
,00XN46VW5G.jpg
,0A6PTW9HNO.jpg
,0A7ZAR7TXD.jpg
,0A93USXUHR.jpg
,0AMNAPIFEX.jpg
,0AWDJI25RA.jpg
,0B46T6H6JH.jpg
,0B5FTKO3C3.jpg
,0BC6IXBF4Y.jpg
,0BCWVEM4BQ.jpg
,0BGP13VLFB.jpg
,0BGX87241F.jpg
,0BPKPLDDOG.jpg
,0BX608170T.jpg
,0BZIGMN6GX.jpg
,0C1LLBFNTO.jpg
,0C3C6RIWZD.jpg
,0C7W986XMK.jpg
,0CBHLGAMTY.jpg
,0CJS1LZZV1.jpg
,0COHPC8N1I.jpg
,0CTESB0KRT.jpg
,0CV7E5UBZO.jpg
,0CV9DYBJPJ.jpg
,0D8GYEZ5ZV.jpg
,0DD4NVKTZF.jpg
,0DG6WQSN05.jpg
,0DI8PN1TGQ.jpg
,0DKTHHA6TX.jpg
,0DTH93OLW7.jpg
,0DWZ04EH1A.jpg
,0DXOQF3NVN.jpg
,0DZSXI3MR8.jpg
,0E48SPR74Z.jpg
,0EACP6JNO3.jpg
,0EGDX5ZGUW.jpg
,0ENKTDGKFN.jpg
,0ER6J3TTCC.jpg
,0ETHS2R1AM.jpg
,0EVWX6WVST.jpg
,0F4MX6WXJH.jpg
,0F4PJ1INVA.jpg
,0FKX2W9XRP.jpg
,0FNOXNSIMF.jpg
,0FR4JKA6IG.jpg
,0G11SUB6LB.jpg
,0G6FKI8ITN.jpg
,0G7V5WPBPK.jpg
,0G83XR0D0A.jpg
,0G8BKB200W.jpg
,0GCRHZJK6N.jpg
,0GHTF562EI.jpg
,0GK736YMYS.jpg
,0GMDP1DZOX.jpg
,0GQ6QCBNO1.jpg
,0GR11YO75Z.jpg
,0GZIEQORIA.jpg
,0H5F5OA4RM.jpg
,0HN7YSCEPL.jpg
,0HO4TZIX5J.jpg
,0HQIID8DIP.jpg
,0HR99YY6LP.jpg
,0HWJIT5MPO.jpg
,0HXEUZMTWU.jpg
,0I054M6MFU.jpg
,0IBCU9AUZ8.jpg
,0IC9UGC4MS.jpg
,0IFEVPTH3Q.jpg
,0IJF1NBJNI.jpg
,0IQXFJKR6N.jpg
,0J094JR6UX.jpg
,0J87GRUOWJ.jpg
,0JFMD8WL83.jpg
,0JG1176B0O.jpg
,0JGUNFCD9J.jpg
,0JHNR9SEXC.jpg
,0JL93FMA16.jpg
,0JRD1GF64T.jpg
,0JYIKNFHND.jpg
,0K8CFMRZZ5.jpg
,0KABUTJ4BF.jpg
,0KF2WT928J.jpg
,0KGASNTJV4.jpg
,0KO58WCDUV.jpg
,0KOFYA2DH9.jpg
,0KX827WMKD.jpg
,0L2FOM8SKR.jpg
,0L9UEYZVE9.jpg
,0LDQF9WB2T.jpg
,0LFMCP45ZC.jpg
,0LG7L4C8S0.jpg
,0LVHZA9GVY.jpg
,0M5XNL7VNV.jpg
,0M776S0CZQ.jpg
,0MA8V9K98M.jpg
,0MCQM6W3K7.jpg
,0MHLHWK162.jpg
,0MWD0XBX3A.jpg
,0MZIU401IK.jpg
,0N10TD1YT7.jpg
,0NAC6933BT.jpg
,0NN2ZGT762.jpg
,0NW3ZM95IK.jpg
,0NZVBZ17MN.jpg
,0O2353M2MI.jpg
,0O9DXGXFJ3.jpg
,0OGEJKYUQ1.jpg
,0OGRCUZ0JO.jpg
,0ON21NCBHT.jpg
,0OO5T51JNJ.jpg
,0OS9TNPFJ0.jpg
,0OSDL6RJ2R.jpg
,0P6UFXLW42.jpg
,0PEOUD6SSN.jpg
,0PIASMIZ5L.jpg
,0PKNKA4WR6.jpg
,0PU6MCRCNO.jpg
,0PV9WLGZMM.jpg
,0PXWUXAN04.jpg
,0Q0JOACXQG.jpg
,0Q0OKSYPAA.jpg
,0QAOPJODII.jpg
,0QKNP17GFK.jpg
,0QLZPRJXO4.jpg
,0R2DBJIC4B.jpg
,0RDAMVW8LY.jpg
,0RE37QLF99.jpg
,0REC2KFGWU.jpg
,0RFPSNTZ9O.jpg
,0RPJ05ZS3Y.jpg
,0RVCGHJ4BG.jpg
,0RWOR5PO8C.jpg
,0RZY26OP64.jpg
,0S0M3GVNGG.jpg
,0S1P2IRLB3.jpg
,0S2P8ZDC16.jpg
,0SEY8JQZNX.jpg
,0SRO3NQNR9.jpg
,0ST3Z6Z9JZ.jpg
,0SUBGW4RZ1.jpg
,0T0AGYIQ4M.jpg
,0T3NFAGSJ6.jpg
,0T5KZ4GMEU.jpg
,0T6A8I3TWT.jpg
,0TIGK7FC3M.jpg
,0TNTAUJVU8.jpg
,0TVG9LQGDS.jpg
,0TXTKABN7W.jpg
,0TZET4XDJ3.jpg
,0U0GQU3EI9.jpg
,0U3HEWUQ72.jpg
,0UCGKFNOQW.jpg
,0UFERT13AX.jpg
,0UIS00HYQB.jpg
,0UK93L1VAE.jpg
,0UTTF3VPYT.jpg
,0VIN3UWFNY.jpg
,0VNQHMIG7E.jpg
,0VQUF2HK51.jpg
,0VYZK4SWM5.jpg
,0W6R2QIU5A.jpg
,0W6TJW4ALA.jpg
,0WECSF0M9P.jpg
,0WF57M1IBJ.jpg
,0WGJ7NBTFD.jpg
,0WGW43F7ZS.jpg
,0WIXJKAXKN.jpg
,0WKBYWH8EL.jpg
,0WLR0GS5X4.jpg
,0WRX6JWHIV.jpg
,0WXKO4TSI6.jpg
,0X720RKIMQ.jpg
,0X7Q6KSSD8.jpg
,0XB41CUJRQ.jpg
,0XG0O1EPVC.jpg
,0XGXMB3D0Y.jpg
,0XPRPD81KY.jpg
,0YCJK7YC1R.jpg
,0YFK3LM2AZ.jpg
,0YMO27R9LN.jpg
,0YWWFJCKLA.jpg
,0YXNAIUF1Y.jpg
,0Z2RSIN1T8.jpg
,0Z62JPLH1O.jpg
,0Z65QMB8E5.jpg
,0Z76NY2WUE.jpg
,0Z88CRFT2X.jpg
,0ZJLIECDHZ.jpg
,0ZJYAZNG8B.jpg
,1A2QCUDDMR.jpg
,1A38BCHOOX.jpg
,1AA04ANEZ4.jpg
,1AEWWFTASQ.jpg
,1AF33XZ1VS.jpg